label,TP,FP,TN,FN,accuracy,precision,recall,f1,specificity,npv
Rule A: Sleep Difficulty + Daytime Impairment,9,9,38,4,0.7833333333333333,0.5,0.6923076923076923,0.5806451612903226,0.8085106382978723,0.9047619047619048
Rule B: Primary Insomnia Medications,9,10,35,6,0.7333333333333333,0.47368421052631576,0.6,0.5294117647058824,0.7777777777777778,0.8536585365853658
Rule C: Secondary Medications + Symptoms,13,6,36,5,0.8166666666666667,0.6842105263157895,0.7222222222222222,0.7027027027027027,0.8571428571428571,0.8780487804878049
ANY RULE: Overall Insomnia Detection,24,3,27,6,0.85,0.8888888888888888,0.8,0.8421052631578947,0.9,0.8181818181818182
