Rule,Precision,Recall,F1-Score,Gold +,LLM +
A (Symptoms),0.5,0.6923076923076923,0.5806451612903226,13,18
B (Primary Meds),0.47368421052631576,0.6,0.5294117647058824,15,19
C (Secondary Meds),0.6842105263157895,0.7222222222222222,0.7027027027027027,18,19
Any Rule,0.8888888888888888,0.8,0.8421052631578947,30,27
